Gene/ORF Name,Guide Sequence,Location in Gene,Strand,Entropy Score
BBa_K608011,CAAACTCAAGAAGGACCATG,732.0,Negative,12.191314387974607
BBa_K608011,CAGCTGTTACAAACTCAAGA,741.0,Negative,12.298136572173373
BBa_K608011,TGCTGGGATTACACATGGCA,739.0,Positive,11.313636942794998
BBa_K608011,CTCACACAATGTATACATCA,499.0,Positive,11.997602266300316
BBa_K608011,ACAGCTGCTGGGATTACACA,734.0,Positive,11.76599822735244
BBa_K608011,CAACGAAAAGAGAGACCACA,694.0,Positive,12.085409073218317
BBa_K608011,GGTTGTCTGGTAAAAGGACA,657.0,Negative,12.448342833083984
BBa_K608011,CATGCCCGAAGGTTATGTAC,322.0,Positive,11.830780853884205
BBa_K608011,GGAAAGTACTAGATGCGTAA,50.0,Positive,11.629895667632391
BBa_K608011,GCTAGCTACTAGAGTCACAC,29.0,Positive,11.826005289824828
